age,d13Ca_2p5,d13Ca_25,d13Ca_50,d13Ca_75,d13Ca_97p5
0.049863,-7.667098195,-7.35011763,-7.185716543,-6.988472373,-6.621237201
0.149863,-7.72296711,-7.400710699,-7.240621218,-7.049956801,-6.677840663
0.249863,-7.791437534,-7.488286867,-7.326313832,-7.140659046,-6.778856538
0.349863,-7.71130945,-7.420889387,-7.258279593,-7.067150078,-6.709689805
0.449863,-7.709009634,-7.398847496,-7.236995189,-7.055778766,-6.698992725
0.549863,-7.728726088,-7.419789213,-7.262995416,-7.073319705,-6.722779663
0.649863,-7.78061113,-7.487415527,-7.331178892,-7.147581089,-6.776021048
0.749863,-7.801151998,-7.498571732,-7.335621391,-7.149798707,-6.778601798
0.849863,-7.803999847,-7.509375573,-7.349474895,-7.161447753,-6.811312065
0.949863,-7.726140952,-7.411418911,-7.252030041,-7.062848228,-6.706666194
1.049863,-7.643606744,-7.332643397,-7.173234939,-6.987868946,-6.635044562
1.149863,-7.603074399,-7.299602376,-7.139695181,-6.952800076,-6.595592585
1.249863,-7.587084011,-7.285939807,-7.131495715,-6.942018166,-6.580422769
1.349863,-7.520032034,-7.22268863,-7.064697773,-6.87396,-6.506416318
1.449863,-7.508844331,-7.210905651,-7.048084589,-6.86269104,-6.492741978
1.549863,-7.468963065,-7.16212036,-7.006299457,-6.819621943,-6.445901835
1.649863,-7.430024061,-7.120851298,-6.963661663,-6.77869477,-6.421939767
1.749863,-7.482410216,-7.174144119,-7.017998805,-6.831520486,-6.474059765
1.849863,-7.464464856,-7.140658402,-6.979531102,-6.796009182,-6.423535736
1.949863,-7.457975292,-7.137203731,-6.978572557,-6.797324758,-6.430031878
2.049863,-7.400192625,-7.08891184,-6.933776324,-6.751513061,-6.381465734
2.149863,-7.41252911,-7.103705393,-6.942540117,-6.75962119,-6.396611655
2.249863,-7.43591867,-7.117826646,-6.964086355,-6.777770408,-6.418525455
2.349863,-7.401837947,-7.092706337,-6.931517053,-6.74874684,-6.39581324
2.449863,-7.36070906,-7.05221166,-6.8952684,-6.714126809,-6.348696065
2.549863,-7.346486778,-7.038370265,-6.878714942,-6.697508039,-6.338769846
2.649863,-7.316614528,-7.018426243,-6.852466074,-6.671218885,-6.314306608
2.749863,-7.279461483,-6.971580281,-6.810560595,-6.629080695,-6.264489081
2.849863,-7.211136982,-6.906832307,-6.748060459,-6.566565129,-6.202131839
2.949863,-7.231546519,-6.920880814,-6.762687544,-6.57871916,-6.224604486
3.049863,-7.210509442,-6.895299877,-6.738569581,-6.555616397,-6.203623322
3.149863,-7.161814441,-6.841954919,-6.681975254,-6.49852686,-6.131340515
3.249863,-7.093975721,-6.770294895,-6.615640799,-6.427945915,-6.075222309
3.349863,-7.113748506,-6.807114141,-6.648754969,-6.4650932,-6.096941387
3.449863,-7.048715016,-6.742887336,-6.582072058,-6.394304035,-6.042508997
3.549863,-7.012079009,-6.69873265,-6.537735254,-6.354793557,-5.993475135
3.649863,-7.011255285,-6.694227613,-6.535837093,-6.349373536,-5.999342655
3.749863,-6.981649381,-6.674895333,-6.518357785,-6.330556339,-5.972155244
3.849863,-7.013085396,-6.706273603,-6.547188637,-6.361564944,-6.003564924
3.949863,-6.970722362,-6.675399086,-6.517319073,-6.331526507,-5.965526581
4.049863,-6.98012035,-6.665213352,-6.508699721,-6.327136749,-5.966466577
4.149863,-6.98067352,-6.674360207,-6.511353372,-6.327496097,-5.971515171
4.249863,-6.977095814,-6.673435365,-6.51532086,-6.332606277,-5.968848378
4.349863,-6.931342153,-6.619737105,-6.464054678,-6.280522112,-5.917563414
4.449863,-6.909314351,-6.604651053,-6.439974409,-6.258279723,-5.912962948
4.549863,-6.913701104,-6.603003287,-6.444445726,-6.258679315,-5.908452966
4.649863,-6.963319311,-6.653301741,-6.489868735,-6.30702592,-5.949376021
4.749863,-6.941008039,-6.625801268,-6.471444889,-6.283710487,-5.925007849
4.849863,-7.041321332,-6.718945443,-6.554234391,-6.368705181,-6.003400596
4.949863,-7.165227595,-6.846327077,-6.689074795,-6.504179512,-6.152388471
5.049863,-7.183376821,-6.867782635,-6.711707837,-6.519817568,-6.170572156
5.149863,-7.065378717,-6.751658775,-6.594207528,-6.406802392,-6.048049795
5.249863,-7.044675638,-6.727485787,-6.56815177,-6.382816702,-6.024390379
5.349863,-6.892814709,-6.581337918,-6.419707338,-6.238645472,-5.879500058
5.449863,-6.922168144,-6.610489039,-6.450337482,-6.265907982,-5.908041446
5.549863,-6.91839834,-6.618794363,-6.463823101,-6.26872904,-5.918456341
5.649863,-6.883207066,-6.572144413,-6.418273131,-6.233599568,-5.8687556
5.749863,-7.001212574,-6.690946024,-6.535309564,-6.346572022,-5.984066056
5.849863,-7.020825549,-6.719202436,-6.562625704,-6.370316119,-6.011519846
5.949863,-7.050807643,-6.733517124,-6.578574027,-6.389750817,-6.040243071
6.049863,-7.016741713,-6.700555623,-6.539605845,-6.34843285,-5.992084388
6.149863,-6.994331224,-6.682331534,-6.525314633,-6.337651586,-5.979278299
6.249863,-6.960900913,-6.650513167,-6.489732161,-6.305502684,-5.948267205
6.349863,-7.046710187,-6.75160986,-6.591236458,-6.40195753,-6.045967149
6.449863,-7.018718245,-6.721855764,-6.563330744,-6.364886944,-6.002247133
6.549863,-7.068343169,-6.771780582,-6.606122919,-6.413500738,-6.055201658
6.649863,-6.964855173,-6.66750365,-6.509149392,-6.316984877,-5.95777581
6.749863,-6.86928651,-6.560887067,-6.406160428,-6.212563169,-5.857682488
6.849863,-6.804842229,-6.495792377,-6.338700577,-6.148468054,-5.790256673
6.949863,-6.720511285,-6.416234954,-6.264861917,-6.069677663,-5.701635823
7.049863,-6.613595813,-6.305245268,-6.142739751,-5.955210904,-5.600884029
7.149863,-6.483987466,-6.178788749,-6.018728499,-5.830547459,-5.453402172
7.249863,-6.365364857,-6.06601537,-5.904819136,-5.712947837,-5.343364681
7.349863,-6.313373732,-6.005811062,-5.839184933,-5.650524665,-5.290325596
7.449863,-6.255317873,-5.948833262,-5.780463856,-5.589029778,-5.22823964
7.549863,-6.170603379,-5.861041979,-5.690760587,-5.505136915,-5.135925792
7.649863,-6.112629769,-5.803094925,-5.639118768,-5.456091559,-5.090944565
7.749863,-6.105916964,-5.80075021,-5.640033487,-5.450616387,-5.088227061
7.849863,-6.154305732,-5.840576111,-5.678654061,-5.485438085,-5.12409335
7.949863,-6.141124249,-5.827611363,-5.673025538,-5.482246454,-5.13483773
8.049863,-6.080360171,-5.78325279,-5.618686072,-5.432207505,-5.083889361
8.149863,-6.028383845,-5.724763662,-5.564833666,-5.378623653,-5.018062643
8.249863,-6.008292037,-5.692928219,-5.531398528,-5.345860363,-4.989157076
8.349863,-6.013570335,-5.712103658,-5.554037152,-5.368431417,-4.994378036
8.449863,-5.971397478,-5.677580225,-5.514514607,-5.328120154,-4.968789438
8.549863,-5.927453319,-5.634397171,-5.476566299,-5.279395817,-4.936763071
8.649863,-6.015557423,-5.718023209,-5.556787562,-5.37109142,-5.010857056
8.749863,-6.127232031,-5.832576767,-5.67066157,-5.48792693,-5.134182172
8.849863,-6.118135501,-5.81649351,-5.660069117,-5.470942615,-5.10957131
8.949863,-6.083923764,-5.772325083,-5.61208143,-5.428632287,-5.062084112
9.049863,-6.099933909,-5.792701616,-5.636613081,-5.443643696,-5.081736582
9.149863,-6.110827166,-5.798774347,-5.638782617,-5.453970188,-5.091386258
9.249863,-6.134666572,-5.812756327,-5.653458917,-5.467006612,-5.106134625
9.349863,-6.17700073,-5.860734238,-5.69728728,-5.511064451,-5.158776304
9.449863,-6.212140615,-5.885374547,-5.722996738,-5.543800089,-5.176059381
9.549863,-6.183703703,-5.86281801,-5.706427495,-5.523434752,-5.156052995
9.649863,-6.193524421,-5.88273381,-5.72602074,-5.535319517,-5.180597956
9.749863,-6.221702393,-5.904594757,-5.739757255,-5.558415435,-5.202627684
9.849863,-6.233554468,-5.92536151,-5.759692114,-5.579955323,-5.226227967
9.949863,-6.204323672,-5.893247366,-5.731004283,-5.549134231,-5.184268949
10.049863,-6.104567067,-5.795453674,-5.631435981,-5.44739519,-5.085860965
10.149863,-6.04433032,-5.748141056,-5.587718034,-5.400993435,-5.029453001
10.249863,-6.018349939,-5.706581904,-5.539717736,-5.353599583,-4.993289654
10.349863,-5.999577573,-5.692073847,-5.529964583,-5.346066701,-4.988800807
10.449863,-6.009562332,-5.697097867,-5.536055656,-5.355493715,-5.001207738
10.549863,-6.065371968,-5.772006476,-5.60756946,-5.422208286,-5.077522076
10.649863,-6.194321588,-5.881019569,-5.717420878,-5.536030097,-5.186439278
10.749863,-6.317298499,-5.99679872,-5.833768446,-5.645672491,-5.292987937
10.849863,-6.204767074,-5.90210149,-5.741430895,-5.552324528,-5.193450993
10.949863,-6.155725057,-5.849879003,-5.697028497,-5.498908514,-5.141270919
11.049863,-6.059772998,-5.75708685,-5.597586804,-5.413498046,-5.039098688
11.149863,-6.015718815,-5.701789906,-5.543669995,-5.351657733,-4.998614772
11.249863,-6.037919861,-5.723966661,-5.561886036,-5.369563775,-5.013622036
11.349863,-6.054401074,-5.745749859,-5.58217887,-5.395677418,-5.023835538
11.449863,-5.934714989,-5.625739246,-5.471747656,-5.277196231,-4.913340047
11.549863,-5.862075532,-5.566146057,-5.402302017,-5.216880706,-4.854769611
11.649863,-5.924366046,-5.623681603,-5.463075252,-5.274960904,-4.911806979
11.749863,-5.951225669,-5.65083596,-5.482871584,-5.300768993,-4.941469632
11.849863,-5.981050203,-5.663048412,-5.509801589,-5.326181363,-4.953586175
11.949863,-5.84346007,-5.532071818,-5.374492299,-5.188512476,-4.812742206
12.049863,-5.91963683,-5.607312566,-5.451708633,-5.267570122,-4.895100242
12.149863,-5.915853131,-5.579988688,-5.428693314,-5.24228035,-4.876833987
12.249863,-5.855651876,-5.534599394,-5.373904536,-5.186737869,-4.823789717
12.349863,-5.785779488,-5.469528822,-5.311460471,-5.123266079,-4.764504094
12.449863,-5.727076754,-5.419383849,-5.260566108,-5.073669839,-4.713376942
12.549863,-5.710240418,-5.399575517,-5.239346243,-5.051446356,-4.687000694
12.649863,-5.767841718,-5.447607605,-5.288352898,-5.103593662,-4.747678264
12.749863,-5.767110073,-5.455694113,-5.292734551,-5.113240632,-4.749588996
12.849863,-5.819045874,-5.505777665,-5.34254087,-5.154415464,-4.796423516
12.949863,-5.671596392,-5.355085297,-5.196570808,-5.005733563,-4.645442741
13.049863,-5.551674346,-5.245989839,-5.084411324,-4.894664741,-4.535340003
13.149863,-5.495305987,-5.192096836,-5.028468825,-4.838250834,-4.480077793
13.249863,-5.433313649,-5.127213137,-4.964883383,-4.773591544,-4.413310715
13.349863,-5.34872116,-5.032564674,-4.868232616,-4.679428686,-4.315031015
13.449863,-5.329054833,-5.022467433,-4.859735731,-4.66896162,-4.310498608
13.549863,-5.284184013,-4.980438989,-4.820773568,-4.632653688,-4.283240922
13.649863,-5.157861058,-4.853842487,-4.684875067,-4.496440206,-4.133244117
13.749863,-5.142330097,-4.819164834,-4.655328702,-4.467689502,-4.095337075
13.849863,-5.250659113,-4.937581303,-4.782571352,-4.590809411,-4.228356437
13.949863,-5.287794356,-4.967310886,-4.809707653,-4.622076696,-4.262961106
14.049863,-5.218983252,-4.918750625,-4.759970431,-4.561018761,-4.201273672
14.149863,-5.231117825,-4.925102025,-4.764137849,-4.5712845,-4.201528341
14.249863,-5.218386962,-4.90812373,-4.750100999,-4.561558817,-4.190828601
14.349863,-5.218443844,-4.916766324,-4.751593294,-4.562011116,-4.192135526
14.449863,-5.155910025,-4.854282883,-4.688133757,-4.495128965,-4.122083091
14.549863,-5.1336067,-4.818642499,-4.660181454,-4.466841112,-4.102210503
14.649863,-5.072712264,-4.772805893,-4.611897753,-4.419739097,-4.056245723
14.749863,-5.142414648,-4.839517915,-4.668076014,-4.486112734,-4.109111989
14.849863,-5.199922202,-4.893230312,-4.734555512,-4.548198314,-4.164116059
14.949863,-5.222333657,-4.911046442,-4.746216598,-4.558413315,-4.181383675
15.049863,-5.250413741,-4.943121222,-4.776334205,-4.589423298,-4.214840105
15.149863,-5.219907841,-4.904059081,-4.746165299,-4.552604452,-4.174715652
15.249863,-5.182087875,-4.863169882,-4.698283134,-4.508738968,-4.147124821
15.349863,-5.178720446,-4.858976935,-4.699451962,-4.504950105,-4.14220062
15.449863,-5.182064936,-4.875431494,-4.710965924,-4.521115529,-4.164046779
15.549863,-5.270511467,-4.964712809,-4.800881148,-4.607211492,-4.253356879
15.649863,-5.227839621,-4.916595544,-4.751093412,-4.558294649,-4.203942398
15.749863,-5.204688196,-4.883260523,-4.71469448,-4.521750534,-4.162522257
15.849863,-5.182585903,-4.869638135,-4.704184264,-4.51348083,-4.153341139
15.949863,-5.197396427,-4.892424097,-4.728051344,-4.538439327,-4.176009375
16.049863,-5.203170035,-4.886069436,-4.726019183,-4.528536038,-4.171833103
16.149863,-5.266430589,-4.959339423,-4.800799725,-4.603588897,-4.237967364
16.249863,-5.386448036,-5.071234123,-4.904477628,-4.710128504,-4.347683767
16.349863,-5.504732188,-5.1801882,-5.021142591,-4.829350969,-4.458218269
16.449863,-5.53922784,-5.222354806,-5.06097772,-4.86843228,-4.508014683
16.549863,-5.533253341,-5.226040074,-5.06288851,-4.86754158,-4.505011395
16.649863,-5.602552045,-5.286405179,-5.127713449,-4.93912176,-4.557268155
16.749863,-5.763016023,-5.454719893,-5.297462448,-5.105397471,-4.746072335
16.849863,-5.832236056,-5.534263692,-5.36871587,-5.17597703,-4.80619235
16.949863,-5.81165178,-5.511491675,-5.346050337,-5.157173818,-4.794384431
17.049863,-5.816222232,-5.508033271,-5.342686982,-5.156402572,-4.790197998
17.149863,-5.812435415,-5.495663035,-5.332845489,-5.149515612,-4.794177601
17.249863,-5.869386888,-5.552132497,-5.385442164,-5.199712647,-4.844071065
17.349863,-5.895632697,-5.57598832,-5.414004257,-5.220823706,-4.857699907
17.449863,-5.91273112,-5.607080459,-5.443328184,-5.259636703,-4.889709062
17.549863,-5.965175363,-5.654535207,-5.496578175,-5.303162853,-4.941263917
17.649863,-6.009995524,-5.692129509,-5.537431658,-5.348785478,-4.993292809
17.749863,-5.929708215,-5.629156573,-5.469531676,-5.282414754,-4.926756332
17.849863,-5.965535729,-5.673406074,-5.512455424,-5.32066047,-4.968882691
17.949863,-6.037240865,-5.722720906,-5.553616456,-5.366513312,-5.01178777
18.049863,-6.035476247,-5.735356622,-5.575039264,-5.38202931,-5.025740317
18.149863,-6.011550933,-5.694064403,-5.531888781,-5.345133266,-4.986820768
18.249863,-5.978326577,-5.665462173,-5.50412005,-5.318243963,-4.962651222
18.349863,-5.93899999,-5.626306367,-5.464021972,-5.279885754,-4.921326782
18.449863,-5.974032775,-5.654900838,-5.491625574,-5.303466117,-4.951101488
18.549863,-5.924638049,-5.614435966,-5.4498295,-5.268255802,-4.913201436
18.649863,-5.977258564,-5.659476286,-5.495977536,-5.306782606,-4.948624367
18.749863,-6.026977481,-5.713205752,-5.550860191,-5.361611889,-5.003843124
18.849863,-5.974755477,-5.659461802,-5.500012437,-5.31380533,-4.942313698
18.949863,-5.945927279,-5.634723371,-5.472936141,-5.288637666,-4.922739168
19.049863,-5.967716222,-5.656807462,-5.496943323,-5.312790651,-4.943948195
19.149863,-5.908347495,-5.590504837,-5.427604254,-5.238795222,-4.871648753
19.249863,-5.868275248,-5.552132353,-5.392522323,-5.202867713,-4.843153342
19.349863,-5.795607542,-5.472284927,-5.310025367,-5.124032562,-4.763469965
19.449863,-5.811512116,-5.497741078,-5.33261233,-5.146749042,-4.791334579
19.549863,-5.889498216,-5.581304883,-5.421208715,-5.231253361,-4.865426864
19.649863,-5.942067117,-5.636588682,-5.473390617,-5.284582223,-4.927388188
19.749863,-5.90504504,-5.58779382,-5.431386835,-5.238621187,-4.878358288
19.849863,-5.882356079,-5.566163024,-5.402271016,-5.212179455,-4.848505056
19.949863,-6.002950726,-5.684850634,-5.519215344,-5.329883763,-4.960781893
20.049863,-6.045774852,-5.732445964,-5.56763089,-5.381940827,-5.017303805
20.149863,-6.059174681,-5.755279275,-5.593432274,-5.406241554,-5.044168876
20.249863,-6.059324915,-5.739684277,-5.581136609,-5.393058321,-5.030171527
20.349863,-6.065903888,-5.754013035,-5.591345746,-5.398382154,-5.044334554
20.449863,-6.064596982,-5.760983413,-5.600836038,-5.410559259,-5.055458001
20.549863,-6.014264868,-5.691335398,-5.528984663,-5.340148086,-4.981880769
20.649863,-6.013435434,-5.704894377,-5.539356411,-5.35331706,-4.998203124
20.749863,-6.073474368,-5.766214458,-5.599566274,-5.418014517,-5.049308878
20.849863,-6.14341546,-5.827761114,-5.663520366,-5.476033711,-5.117880826
20.949863,-6.089480743,-5.783912408,-5.625531377,-5.440689867,-5.077279716
21.049863,-6.086387397,-5.769776901,-5.604856284,-5.422540024,-5.055588904
21.149863,-6.158687582,-5.835442544,-5.675269279,-5.486449992,-5.127661599
21.249863,-6.221932043,-5.904720491,-5.742936213,-5.563320916,-5.205160031
21.349863,-6.172700174,-5.857429119,-5.69574162,-5.503708759,-5.142826078
21.449863,-6.127925242,-5.812920805,-5.658397063,-5.461105275,-5.107870965
21.549863,-6.181482874,-5.862915303,-5.702579401,-5.507636629,-5.153544793
21.649863,-6.172200442,-5.857769078,-5.692310603,-5.500772771,-5.145580218
21.749863,-6.128601905,-5.812303318,-5.654844524,-5.456918684,-5.095707365
21.849863,-5.957516831,-5.644590775,-5.488039892,-5.291067414,-4.939954058
21.949863,-5.90431788,-5.593601867,-5.429177456,-5.237402777,-4.884435589
22.049863,-5.994832705,-5.674408129,-5.511647312,-5.321242406,-4.966631682
22.149863,-5.927421,-5.625392265,-5.465636448,-5.27863438,-4.911283702
22.249863,-5.95861598,-5.652863128,-5.494031939,-5.304006927,-4.930015464
22.349863,-5.944641858,-5.625697244,-5.460851951,-5.273870101,-4.913560781
22.449863,-5.89932449,-5.592341697,-5.428166277,-5.237652263,-4.871510395
22.549863,-5.925108545,-5.616875569,-5.455990778,-5.265843178,-4.904649415
22.649863,-5.924004452,-5.621726662,-5.455852048,-5.263428681,-4.898816907
22.749863,-5.952905195,-5.636449064,-5.477099564,-5.281115044,-4.905613714
22.849863,-5.963018,-5.650137795,-5.483507266,-5.300709915,-4.926643517
22.949863,-5.959040473,-5.63730559,-5.479147883,-5.287905642,-4.922261816
23.049863,-6.007182276,-5.684996152,-5.528188111,-5.343190482,-4.973705265
23.149863,-6.183617162,-5.879095196,-5.715137748,-5.536424845,-5.153737558
23.249863,-6.316758666,-6.01941775,-5.86011041,-5.67104592,-5.310940229
23.349863,-6.326246549,-6.027946883,-5.864625146,-5.681818058,-5.322297163
23.449863,-6.233195772,-5.937184229,-5.769177393,-5.592429749,-5.223956181
23.549863,-6.283030677,-5.986023749,-5.818281308,-5.638213177,-5.276992281
23.649863,-6.375951355,-6.075608649,-5.913138051,-5.725724038,-5.371234806
23.749863,-6.474354655,-6.165939699,-6.008479253,-5.824383165,-5.457618894
23.849863,-6.448687332,-6.129150782,-5.973267444,-5.78570606,-5.414768299
23.949863,-6.46138792,-6.161453454,-5.999701035,-5.810505763,-5.452883425
24.049863,-6.539653272,-6.235637155,-6.075678948,-5.886094852,-5.535901028
24.149863,-6.546271084,-6.240811194,-6.081176567,-5.898177389,-5.541532917
24.249863,-6.557386906,-6.247849702,-6.083658237,-5.897460325,-5.540267295
24.349863,-6.481488252,-6.176872077,-6.021535915,-5.831835236,-5.467918813
24.449863,-6.514198501,-6.201557006,-6.036576707,-5.855534584,-5.488298482
24.549863,-6.541571468,-6.212450707,-6.051342761,-5.870406886,-5.512261017
24.649863,-6.522807676,-6.203568761,-6.034737146,-5.85304034,-5.48988945
24.749863,-6.542568111,-6.223667216,-6.061613607,-5.878104378,-5.503532726
24.849863,-6.623397153,-6.304836061,-6.144122001,-5.955954725,-5.597801297
24.949863,-6.675842789,-6.365043165,-6.202512707,-6.022784612,-5.663083437
25.049863,-6.759542385,-6.442980542,-6.275302471,-6.100407599,-5.736450427
25.149863,-6.687812375,-6.386941302,-6.217352955,-6.035038201,-5.669736849
25.249863,-6.698737424,-6.399574925,-6.23974194,-6.054776905,-5.690922815
25.349863,-6.720702655,-6.418018185,-6.253621562,-6.066392109,-5.705572139
25.449863,-6.65691065,-6.353755299,-6.193336594,-6.010957601,-5.637549749
25.549863,-6.536992733,-6.216059542,-6.057654844,-5.866259283,-5.500187673
25.649863,-6.517722721,-6.207099017,-6.045439827,-5.864305464,-5.493942119
25.749863,-6.480385913,-6.177044765,-6.023633735,-5.833397715,-5.455681346
25.849863,-6.485489662,-6.180949979,-6.021859339,-5.829295068,-5.46300032
25.949863,-6.532448186,-6.22824088,-6.069280122,-5.878458819,-5.498827348
26.049863,-6.510934838,-6.204824568,-6.045535887,-5.850728412,-5.485425198
26.149863,-6.509226008,-6.207196421,-6.046281515,-5.858860985,-5.487439283
26.249863,-6.518030305,-6.198662679,-6.044592714,-5.857851874,-5.486417027
26.349863,-6.491535174,-6.189186639,-6.031451269,-5.845735,-5.475270699
26.449863,-6.4929059,-6.175567067,-6.01940223,-5.82959589,-5.470814093
26.549863,-6.459964682,-6.14007459,-5.986158432,-5.796081386,-5.441897931
26.649863,-6.472275942,-6.160453331,-6.001037143,-5.810219938,-5.451471756
26.749863,-6.447722071,-6.139735807,-5.983227167,-5.797201786,-5.430655765
26.849863,-6.500703823,-6.18629805,-6.025515639,-5.840859182,-5.470125162
26.949863,-6.538047774,-6.229328885,-6.071589026,-5.889359614,-5.518438881
27.049863,-6.612414967,-6.302761635,-6.141959889,-5.963508113,-5.589536084
27.149863,-6.586637725,-6.272494443,-6.114981857,-5.92933312,-5.566333552
27.249863,-6.624133403,-6.314138471,-6.152067393,-5.969006964,-5.612505299
27.349863,-6.62308917,-6.303140209,-6.145974127,-5.958359764,-5.589709002
27.449863,-6.601038761,-6.287568198,-6.125210949,-5.946776028,-5.581048623
27.549863,-6.487911118,-6.178453091,-6.016107199,-5.831882084,-5.470869248
27.649863,-6.500845436,-6.194260449,-6.035805164,-5.847661988,-5.480075549
27.749863,-6.475653751,-6.170044025,-6.010359819,-5.820663211,-5.449232099
27.849863,-6.448214492,-6.140358755,-5.988285935,-5.798397289,-5.432089328
27.949863,-6.501305082,-6.189209166,-6.032974912,-5.852025546,-5.479392079
28.049863,-6.598096706,-6.280934837,-6.12155429,-5.931276156,-5.564771227
28.149863,-6.62575149,-6.324072644,-6.162475629,-5.976348315,-5.6121126
28.249863,-6.578130243,-6.271132442,-6.108258763,-5.924749935,-5.566325708
28.349863,-6.547556385,-6.237858052,-6.0792319,-5.893014613,-5.529127298
28.449863,-6.575257531,-6.275801779,-6.114510403,-5.929585348,-5.566671039
28.549863,-6.605834608,-6.301743291,-6.142750316,-5.950001494,-5.589227544
28.649863,-6.572631877,-6.27548785,-6.113881251,-5.927748058,-5.554428677
28.749863,-6.480574399,-6.174722102,-6.012400187,-5.823025393,-5.455900665
28.849863,-6.418372187,-6.117563664,-5.953265618,-5.761740933,-5.406391647
28.949863,-6.38482483,-6.070372376,-5.90775971,-5.721622245,-5.357863033
29.049863,-6.36073958,-6.064392717,-5.903012873,-5.714889392,-5.346463225
29.149863,-6.371714744,-6.069354815,-5.91374572,-5.721210828,-5.358727557
29.249863,-6.344818133,-6.041650022,-5.882612819,-5.691386049,-5.333655657
29.349863,-6.371164466,-6.055007734,-5.90118907,-5.709336499,-5.34317313
29.449863,-6.305308469,-5.994268402,-5.831513949,-5.642019842,-5.288053739
29.549863,-6.27811106,-5.974618229,-5.804055744,-5.620056219,-5.262238177
29.649863,-6.242721567,-5.930321164,-5.761986085,-5.582291892,-5.216206403
29.749863,-6.294161689,-5.974749478,-5.810827319,-5.615320237,-5.265767669
29.849863,-6.324153286,-6.006624287,-5.840606021,-5.649096112,-5.287430685
29.949863,-6.261527931,-5.948047577,-5.787466714,-5.597452988,-5.237868851
30.049863,-6.200045672,-5.884902234,-5.719630858,-5.531137399,-5.169816619
30.149863,-6.163462852,-5.852691045,-5.692126515,-5.504536032,-5.141906775
30.249863,-6.188035212,-5.891276742,-5.723005781,-5.537398498,-5.176213232
30.349863,-6.233080113,-5.92702687,-5.761863684,-5.571484128,-5.215065162
30.449863,-6.285134264,-5.981111944,-5.818334079,-5.633460349,-5.264749394
30.549863,-6.169936466,-5.863266981,-5.701171044,-5.509913679,-5.14494216
30.649863,-6.111990955,-5.808564947,-5.640235172,-5.450848094,-5.091197344
30.749863,-6.04286604,-5.726609683,-5.564899598,-5.380105623,-5.002783416
30.849863,-6.002218575,-5.685755414,-5.520438238,-5.32762313,-4.967022806
30.949863,-5.956285787,-5.656111838,-5.491989458,-5.298265866,-4.941731591
31.049863,-5.975684798,-5.654742265,-5.490333924,-5.297085268,-4.940935669
31.149863,-5.979495692,-5.669125644,-5.509733717,-5.316404277,-4.952234452
31.249863,-6.011202095,-5.688127084,-5.528156889,-5.33963834,-4.970809321
31.349863,-6.097215507,-5.788878706,-5.621877306,-5.438237171,-5.06359621
31.449863,-6.094109544,-5.791194698,-5.631709008,-5.443348484,-5.080123852
31.549863,-6.05437057,-5.742859525,-5.581772163,-5.389930887,-5.028708217
31.649863,-6.079015093,-5.765210957,-5.602400386,-5.411407017,-5.054542904
31.749863,-6.128616338,-5.829486186,-5.659971814,-5.473837233,-5.101869882
31.849863,-6.151367485,-5.843807143,-5.677882607,-5.491746109,-5.118065165
31.949863,-6.127970044,-5.814725383,-5.648297255,-5.465553367,-5.089744075
32.049863,-6.132653159,-5.815992224,-5.648550054,-5.465529695,-5.102194773
32.149863,-6.152626307,-5.835912599,-5.673144458,-5.486377093,-5.120017976
32.249863,-6.091838395,-5.798463045,-5.634710865,-5.447232316,-5.078867306
32.349863,-6.043504359,-5.750443312,-5.583621534,-5.400072048,-5.037295307
32.449863,-5.988452574,-5.691607495,-5.521202827,-5.333576028,-4.970591874
32.549863,-5.964200136,-5.663910212,-5.498437005,-5.315335512,-4.952063299
32.649863,-5.896887168,-5.59109703,-5.423807829,-5.240712339,-4.875989136
32.749863,-5.894580049,-5.577240148,-5.414490081,-5.232785274,-4.874749484
32.849863,-5.865922736,-5.565305982,-5.40268112,-5.212988436,-4.852119845
32.949863,-5.907863743,-5.595269527,-5.4326786,-5.243301844,-4.879011494
33.049863,-5.883016363,-5.56127798,-5.400785042,-5.205884299,-4.838207388
33.149863,-5.821984754,-5.508677557,-5.342659747,-5.153280107,-4.772713734
33.249863,-5.740910927,-5.426760767,-5.272322478,-5.075399086,-4.722066988
33.349863,-5.685269169,-5.377839543,-5.222445556,-5.027103351,-4.662137999
33.449863,-5.669080292,-5.369520225,-5.202239636,-5.015791294,-4.653642228
33.549863,-5.615745862,-5.318928372,-5.155454084,-4.974803606,-4.609589809
33.649863,-5.707695735,-5.392552174,-5.228840452,-5.047129028,-4.688159265
33.749863,-5.857862402,-5.560016115,-5.402016869,-5.214957499,-4.858707408
33.849863,-5.963212786,-5.663607943,-5.496376236,-5.31392017,-4.950677532
33.949863,-6.087823756,-5.777144539,-5.614933793,-5.430168597,-5.070832589
34.049863,-6.193035235,-5.891511514,-5.734595104,-5.548564519,-5.186682609
34.149863,-6.266305705,-5.964974899,-5.803023139,-5.619710299,-5.257613041
34.249863,-6.271755754,-5.957993569,-5.795148647,-5.614171885,-5.253696527
34.349863,-6.148158205,-5.839913496,-5.681969827,-5.49652206,-5.136341942
34.449863,-6.07008509,-5.74621144,-5.588614257,-5.405490825,-5.056250714
34.549863,-5.962277885,-5.659092853,-5.494519136,-5.309175991,-4.957457547
34.649863,-5.909808663,-5.613658633,-5.448076825,-5.258274593,-4.902481365
34.749863,-5.91827138,-5.594257447,-5.430341245,-5.242543496,-4.881098314
34.849863,-5.921416439,-5.609370888,-5.449763528,-5.255029657,-4.908542165
34.949863,-5.881935023,-5.560387322,-5.396045315,-5.210616904,-4.858247971
35.049863,-5.82479374,-5.505820417,-5.348478499,-5.15729262,-4.807177576
35.149863,-5.782127676,-5.470790057,-5.312608601,-5.128603388,-4.77015282
35.249863,-5.772680404,-5.448003257,-5.287598903,-5.104672998,-4.749503809
35.349863,-5.757097763,-5.448859308,-5.285767741,-5.099617045,-4.742746737
35.449863,-5.751355071,-5.443032229,-5.277545588,-5.089809651,-4.720387149
35.549863,-5.754670052,-5.446086444,-5.277500324,-5.077780147,-4.706084575
35.649863,-5.740944462,-5.434369615,-5.268002371,-5.079365117,-4.720063171
35.749863,-5.747790003,-5.432518532,-5.270803639,-5.088005745,-4.716802426
35.849863,-5.760929446,-5.449527275,-5.284560774,-5.09166392,-4.734145345
35.949863,-5.737155445,-5.446094236,-5.280244141,-5.096351649,-4.738801151
36.049863,-5.625255348,-5.325130904,-5.158956995,-4.974082981,-4.60694874
36.149863,-5.513675172,-5.210359555,-5.047197784,-4.856344037,-4.493353031
36.249863,-5.368726224,-5.06473251,-4.902302929,-4.710023791,-4.345851924
36.349863,-5.230619041,-4.923093761,-4.76107152,-4.577679835,-4.223617241
36.449863,-5.102447802,-4.794105509,-4.638483476,-4.447377096,-4.084097531
36.549863,-5.070907493,-4.7704322,-4.605117302,-4.420275407,-4.05554488
36.649863,-5.162662687,-4.854321882,-4.694912151,-4.509698573,-4.141892509
36.749863,-5.237065767,-4.934290666,-4.77453635,-4.585161987,-4.220706246
36.849863,-5.263599004,-4.958768042,-4.798765231,-4.609664242,-4.243995739
36.949863,-5.279154329,-4.966056654,-4.802585108,-4.624687078,-4.260518457
37.049863,-5.361967711,-5.036953996,-4.880090198,-4.692868322,-4.336790994
37.149863,-5.386583601,-5.075931363,-4.916600924,-4.728713728,-4.364575572
37.249863,-5.35185935,-5.033629973,-4.874939967,-4.689905439,-4.313608707
37.349863,-5.345447988,-5.036461186,-4.8750673,-4.691510143,-4.322800644
37.449863,-5.383753115,-5.083097046,-4.928072008,-4.742123151,-4.389938203
37.549863,-5.398300216,-5.090980399,-4.931649195,-4.741526937,-4.393623608
37.649863,-5.492102919,-5.188909111,-5.028585325,-4.843017513,-4.481861715
37.749863,-5.569891159,-5.25896042,-5.103408892,-4.914428277,-4.551749908
37.849863,-5.59886537,-5.295384134,-5.135301092,-4.945533432,-4.587695037
37.949863,-5.604949679,-5.302673694,-5.140634985,-4.953505812,-4.594718291
38.049863,-5.570996792,-5.258463033,-5.093772803,-4.905275726,-4.538696335
38.149863,-5.598350207,-5.294241961,-5.131717983,-4.946069905,-4.584169312
38.249863,-5.554570672,-5.251940294,-5.092102513,-4.906904437,-4.542759953
38.349863,-5.591209146,-5.279430231,-5.113641474,-4.93762539,-4.569036242
38.449863,-5.591494331,-5.274041122,-5.115207814,-4.931566652,-4.577628722
38.549863,-5.604864126,-5.301549336,-5.137334851,-4.951598698,-4.585744885
38.649863,-5.621343696,-5.313334458,-5.152126797,-4.958723958,-4.608269136
38.749863,-5.541385314,-5.229770985,-5.069464368,-4.882371663,-4.515500239
38.849863,-5.483039165,-5.18389049,-5.026799646,-4.834666066,-4.482534098
38.949863,-5.417232259,-5.11718559,-4.952204714,-4.759124972,-4.404639658
39.049863,-5.510255522,-5.205394792,-5.03979313,-4.851832333,-4.493057606
39.149863,-5.50578192,-5.20122655,-5.034872962,-4.849552025,-4.478574406
39.249863,-5.482358155,-5.176518098,-5.0105882,-4.824141609,-4.450117709
39.349863,-5.465675114,-5.157248618,-4.993316072,-4.805954341,-4.447692474
39.449863,-5.453727832,-5.145130673,-4.986265117,-4.793630642,-4.434816358
39.549863,-5.392839387,-5.088897943,-4.927609456,-4.735279217,-4.380341276
39.649863,-5.304903024,-4.992341136,-4.831464076,-4.639504535,-4.273817038
39.749863,-5.243961791,-4.931681856,-4.766257013,-4.580321106,-4.222750965
39.849863,-5.20300475,-4.896187903,-4.735955661,-4.548956261,-4.192159227
39.949863,-5.194165589,-4.886964203,-4.731210257,-4.539733231,-4.176951768
40.049863,-5.192608421,-4.889812639,-4.72847297,-4.545525625,-4.165331354
40.149863,-5.267672379,-4.953013354,-4.799832961,-4.609679791,-4.232740657
40.249863,-5.343820285,-5.025183469,-4.864567823,-4.674707663,-4.31186131
40.349863,-5.395347125,-5.081338035,-4.919739395,-4.732016931,-4.366576584
40.449863,-5.470409959,-5.143216269,-4.976382689,-4.786990391,-4.432762742
40.549863,-5.548329805,-5.229588312,-5.066701099,-4.878876604,-4.518120448
40.649863,-5.621812992,-5.310794087,-5.146105159,-4.954394529,-4.600131496
40.749863,-5.62553609,-5.311914996,-5.15128185,-4.959912369,-4.594425224
40.849863,-5.566307943,-5.250305422,-5.089974632,-4.90112177,-4.532785052
40.949863,-5.519728725,-5.204377879,-5.034216071,-4.850621742,-4.47204126
41.049863,-5.516590091,-5.202199778,-5.033496805,-4.844091536,-4.476829862
41.149863,-5.548257246,-5.235354188,-5.070059274,-4.873948086,-4.515147739
41.249863,-5.577633346,-5.2579263,-5.095537863,-4.904197971,-4.549879207
41.349863,-5.622398699,-5.300222352,-5.131477113,-4.953155916,-4.589769697
41.449863,-5.649945806,-5.330507884,-5.165017883,-4.980021487,-4.622281178
41.549863,-5.688699781,-5.378149237,-5.217722111,-5.035064393,-4.666362517
41.649863,-5.645588375,-5.331456707,-5.173918565,-4.986873269,-4.622727866
41.749863,-5.585321976,-5.273407551,-5.111137278,-4.922904611,-4.568658515
41.849863,-5.584248266,-5.270591377,-5.114444954,-4.919126924,-4.560961268
41.949863,-5.549431098,-5.241591288,-5.086529957,-4.891152117,-4.54107788
42.049863,-5.55957943,-5.250139239,-5.089474266,-4.894798032,-4.534731869
42.149863,-5.574671691,-5.260002022,-5.095717009,-4.904281358,-4.553870264
42.249863,-5.652437172,-5.338094879,-5.177312076,-4.980838273,-4.636411959
42.349863,-5.693600241,-5.380922061,-5.214647283,-5.028047376,-4.675092175
42.449863,-5.685075057,-5.383439421,-5.217620779,-5.026388169,-4.664811676
42.549863,-5.710273169,-5.396777103,-5.23432721,-5.040571247,-4.696802631
42.649863,-5.690096513,-5.371050626,-5.217441487,-5.020026527,-4.664011774
42.749863,-5.648195713,-5.333799205,-5.173720232,-4.978060037,-4.620780332
42.849863,-5.607347113,-5.290991939,-5.126617057,-4.933371498,-4.57744289
42.949863,-5.563990487,-5.24663219,-5.08961372,-4.89699944,-4.527488385
43.049863,-5.555502254,-5.251178428,-5.092967967,-4.902023866,-4.536281978
43.149863,-5.515245046,-5.203636766,-5.041102366,-4.855675821,-4.494675941
43.249863,-5.472249344,-5.162841502,-5.006330708,-4.811354128,-4.451516076
43.349863,-5.454783083,-5.146088038,-4.98183738,-4.792162062,-4.429762551
43.449863,-5.457503268,-5.145686167,-4.978646458,-4.800328415,-4.436706709
43.549863,-5.411582859,-5.098881276,-4.933084335,-4.751649027,-4.380512538
43.649863,-5.424768628,-5.117147791,-4.951446123,-4.761128207,-4.396016253
43.749863,-5.442237722,-5.134943501,-4.968691787,-4.779972156,-4.419543751
43.849863,-5.475331912,-5.165987251,-4.997520559,-4.812330302,-4.443869395
43.949863,-5.489083799,-5.175113769,-5.013974108,-4.820838755,-4.46359887
44.049863,-5.501476954,-5.190488605,-5.033118668,-4.839607385,-4.475321758
44.149863,-5.528421827,-5.215593463,-5.055164171,-4.865565444,-4.49517886
44.249863,-5.569801761,-5.25044747,-5.087630751,-4.895458599,-4.527677575
44.349863,-5.584321875,-5.256489452,-5.090041145,-4.897631989,-4.53930755
44.449863,-5.543913954,-5.220818105,-5.062699032,-4.873202553,-4.505276154
44.549863,-5.526581472,-5.210636595,-5.041814584,-4.857614174,-4.477666557
44.649863,-5.498457407,-5.180929674,-5.017951165,-4.830830743,-4.465134349
44.749863,-5.516302194,-5.197160189,-5.033183853,-4.844703384,-4.4838244
44.849863,-5.533550898,-5.217083283,-5.055272779,-4.866029543,-4.498876285
44.949863,-5.502095761,-5.180943631,-5.022240825,-4.833931913,-4.464323507
45.049863,-5.564287428,-5.254474701,-5.091135732,-4.907324024,-4.532294279
45.149863,-5.588964802,-5.275796003,-5.10418843,-4.920433367,-4.541856197
45.249863,-5.563784891,-5.255614089,-5.088482744,-4.900752215,-4.530577443
45.349863,-5.547739756,-5.237490361,-5.072498734,-4.88365346,-4.506652362
45.449863,-5.535566759,-5.233091681,-5.067651641,-4.874189144,-4.524586384
45.549863,-5.529269819,-5.230039309,-5.067328144,-4.873216493,-4.514965164
45.649863,-5.55196187,-5.242680842,-5.080050843,-4.882427724,-4.535302851
45.749863,-5.560362745,-5.250985015,-5.089110366,-4.90143989,-4.541978786
45.849863,-5.586781091,-5.277681903,-5.117971068,-4.928466048,-4.559740693
45.949863,-5.650841991,-5.338132957,-5.17171422,-4.985073586,-4.623575259
46.049863,-5.655762991,-5.342711887,-5.180392739,-4.991439279,-4.638948606
46.149863,-5.688416116,-5.371662374,-5.20747282,-5.019418058,-4.666547671
46.249863,-5.696108274,-5.380246417,-5.220247096,-5.030491629,-4.678703479
46.349863,-5.682337816,-5.369926425,-5.210325865,-5.019447982,-4.682118676
46.449863,-5.694241986,-5.394491221,-5.2327362,-5.038305008,-4.683550864
46.549863,-5.691045205,-5.381417072,-5.225794539,-5.029533711,-4.671584172
46.649863,-5.705633567,-5.386795968,-5.226700527,-5.034558985,-4.686174158
46.749863,-5.714531915,-5.395320047,-5.236638743,-5.048624838,-4.694092613
46.849863,-5.632938305,-5.308581284,-5.152753841,-4.965128312,-4.598383307
46.949863,-5.537132597,-5.234827924,-5.069449495,-4.885788401,-4.528297185
47.049863,-5.518095995,-5.202672117,-5.04371791,-4.857395427,-4.500750019
47.149863,-5.550072167,-5.227216793,-5.06431136,-4.874872688,-4.515977193
47.249863,-5.520741703,-5.21285085,-5.050189639,-4.866160595,-4.497984509
47.349863,-5.43423754,-5.125582299,-4.959255737,-4.778924946,-4.413601458
47.449863,-5.342472684,-5.040910907,-4.875733771,-4.685693033,-4.326066284
47.549863,-5.311792457,-4.997291899,-4.839354297,-4.645719807,-4.287118686
47.649863,-5.269707363,-4.964844921,-4.805795985,-4.611536546,-4.251505965
47.749863,-5.220163921,-4.909351175,-4.750094921,-4.558822423,-4.205102516
47.849863,-5.219496938,-4.922618348,-4.760748956,-4.560057172,-4.205860292
47.949863,-5.250554755,-4.940167876,-4.781207669,-4.598533961,-4.230452389
48.049863,-5.223563436,-4.910425201,-4.749886903,-4.562485423,-4.201343043
48.149863,-5.112200369,-4.806377299,-4.642332679,-4.450791069,-4.106957415
48.249863,-5.091845486,-4.770021572,-4.606558338,-4.418515256,-4.059504656
48.349863,-5.061748014,-4.749189481,-4.583136714,-4.392494912,-4.031185087
48.449863,-5.038134037,-4.721234744,-4.561597136,-4.370757101,-4.009693602
48.549863,-4.97326858,-4.661664221,-4.50018096,-4.311461103,-3.939988006
48.649863,-4.891494581,-4.579042286,-4.416941995,-4.231976579,-3.876028633
48.749863,-4.92252877,-4.605890653,-4.437797315,-4.25751403,-3.906063676
48.849863,-4.934881267,-4.613442778,-4.448052427,-4.261398223,-3.897517053
48.949863,-4.879007146,-4.562252516,-4.390368998,-4.206274977,-3.848363709
49.049863,-4.863491415,-4.55599071,-4.389597649,-4.203935812,-3.851863307
49.149863,-4.908073948,-4.59363716,-4.428738795,-4.241134501,-3.876000905
49.249863,-4.971530696,-4.654014014,-4.49481538,-4.306273177,-3.94655682
49.349863,-4.925374944,-4.612793599,-4.447376066,-4.253504863,-3.895866933
49.449863,-4.866602639,-4.553189556,-4.394865898,-4.204169864,-3.849449558
49.549863,-4.831304533,-4.516370613,-4.348920782,-4.159772161,-3.8179943
49.649863,-4.76267698,-4.452319509,-4.290943889,-4.102605542,-3.756091929
49.749863,-4.71849493,-4.391322705,-4.22424176,-4.039790359,-3.688362249
49.849863,-4.727303739,-4.42182869,-4.256375729,-4.072298725,-3.723172181
49.949863,-4.783141158,-4.465376008,-4.302916834,-4.112119961,-3.749013603
50.049863,-4.805276565,-4.493344939,-4.325909746,-4.133838425,-3.789275809
50.149863,-4.798376799,-4.485097932,-4.31142594,-4.120809907,-3.760760215
50.249863,-4.853601285,-4.532763617,-4.364679777,-4.171231197,-3.812358513
50.349863,-4.943524744,-4.627601832,-4.461290205,-4.263397949,-3.902177655
50.449863,-5.016216825,-4.707517084,-4.535953306,-4.345464773,-3.981588377
50.549863,-4.990900323,-4.665064602,-4.493982645,-4.3084394,-3.947115491
50.649863,-5.026925907,-4.711022123,-4.541724624,-4.343121244,-3.979308155
50.749863,-5.09765361,-4.777025607,-4.614599422,-4.418270105,-4.048011688
50.849863,-5.243479297,-4.923188453,-4.755718626,-4.564568616,-4.199557913
50.949863,-5.244061247,-4.912288898,-4.750830065,-4.559705353,-4.204336551
51.049863,-5.165289416,-4.841355576,-4.672540266,-4.483063105,-4.122918097
51.149863,-5.227397791,-4.920860808,-4.750457549,-4.562196883,-4.20399128
51.249863,-5.274554566,-4.974523396,-4.812249383,-4.617295747,-4.268310441
51.349863,-5.332750476,-5.030309588,-4.868036553,-4.678200723,-4.310576466
51.449863,-5.530209486,-5.221878127,-5.055626651,-4.867068165,-4.506688311
51.549863,-5.686952102,-5.370718737,-5.207047504,-5.019453226,-4.658614893
51.649863,-5.708648815,-5.399345448,-5.230321037,-5.039064094,-4.683048658
51.749863,-5.701423089,-5.379652928,-5.216311509,-5.031486485,-4.668524116
51.849863,-5.779079811,-5.456910194,-5.290780354,-5.103988144,-4.742828967
51.949863,-5.773620805,-5.459077588,-5.296292107,-5.106800392,-4.745805213
52.049863,-5.724977183,-5.403113874,-5.240624232,-5.056502185,-4.698197997
52.149863,-5.766808453,-5.453447454,-5.290982475,-5.109720682,-4.737567071
52.249863,-5.859477888,-5.544768525,-5.382437256,-5.199385494,-4.843116195
52.349863,-6.015835476,-5.716008135,-5.554250376,-5.366452353,-4.997528032
52.449863,-6.151437616,-5.837649951,-5.674998467,-5.486508135,-5.127208355
52.549863,-6.138928509,-5.838838945,-5.680321299,-5.493439429,-5.129519084
52.649863,-6.139630017,-5.84491145,-5.683147139,-5.496476085,-5.130951095
52.749863,-6.26089342,-5.961695124,-5.803010213,-5.611939475,-5.256670039
52.849863,-6.380722455,-6.066027746,-5.913046243,-5.715246356,-5.359518166
52.949863,-6.261845512,-5.948145295,-5.79688758,-5.603306691,-5.247087362
53.049863,-6.262556152,-5.946724186,-5.785750108,-5.600900685,-5.244222597
53.149863,-6.253165185,-5.952938084,-5.795445569,-5.60259564,-5.247674797
53.249863,-6.237864147,-5.931068594,-5.770158008,-5.583018305,-5.222685504
53.349863,-6.081138947,-5.766528307,-5.604645176,-5.416163844,-5.048658111
53.449863,-5.971553645,-5.657152387,-5.494174465,-5.306730963,-4.943508811
53.549863,-6.059468941,-5.753913976,-5.591469474,-5.404310187,-5.039392675
53.649863,-6.080559915,-5.776925355,-5.616650184,-5.429479273,-5.067702171
53.749863,-5.939787073,-5.631851881,-5.469505051,-5.282789869,-4.935147786
53.849863,-5.955487003,-5.640862144,-5.481137704,-5.294222076,-4.946980593
53.949863,-6.101559665,-5.79214766,-5.629477616,-5.447818404,-5.083612391
54.049863,-6.051356039,-5.752215457,-5.595625546,-5.403841623,-5.04828731
54.149863,-5.912326264,-5.609590991,-5.446451236,-5.252640816,-4.905580325
54.249863,-5.837539509,-5.531309984,-5.366098215,-5.175393762,-4.825379953
54.349863,-5.796878873,-5.485825836,-5.323476749,-5.127057852,-4.772626335
54.449863,-5.72471353,-5.414627653,-5.248700152,-5.058320454,-4.713099198
54.549863,-5.582651688,-5.26574546,-5.104972835,-4.912978037,-4.558562859
54.649863,-5.455963793,-5.137786768,-4.975128148,-4.778791036,-4.427298804
54.749863,-5.377259619,-5.066676793,-4.904965153,-4.710182111,-4.359047416
54.849863,-5.238477318,-4.932590939,-4.77017238,-4.577402308,-4.219158352
54.949863,-5.083002135,-4.778828549,-4.615443282,-4.423773466,-4.075250461
55.049863,-4.979126282,-4.665492934,-4.504587513,-4.317091411,-3.965551039
55.149863,-4.986207185,-4.681471639,-4.515831704,-4.330055509,-3.971756692
55.249863,-4.992885917,-4.677764471,-4.518627673,-4.327780293,-3.976981601
55.349863,-4.959354757,-4.650227888,-4.485603166,-4.295604518,-3.951091478
55.449863,-4.909235337,-4.602215206,-4.436084759,-4.257239966,-3.90285509
55.549863,-4.909779221,-4.596788858,-4.43636298,-4.255804583,-3.896624779
55.649863,-4.896221961,-4.584674993,-4.417156226,-4.234011433,-3.88507496
55.749863,-5.150843068,-4.828813244,-4.669534593,-4.485521721,-4.120838493
55.849863,-5.591213815,-5.270749433,-5.1064082,-4.923093766,-4.560066942
55.949863,-4.856333608,-4.55024215,-4.38470832,-4.205221468,-3.841345055
56.049863,-4.661916025,-4.355857081,-4.194489162,-4.003572679,-3.650071382
56.149863,-4.506998916,-4.187141988,-4.029064982,-3.836294635,-3.478483352
56.249863,-4.348714595,-4.038468744,-3.881237118,-3.685733281,-3.335587787
56.349863,-4.266062663,-3.946952538,-3.786517798,-3.596205643,-3.243527471
56.449863,-4.202973968,-3.890625237,-3.723949903,-3.534141295,-3.182926596
56.549863,-4.081976808,-3.770179305,-3.610823857,-3.415279528,-3.064082848
56.649863,-3.977401101,-3.676838265,-3.517339383,-3.323682485,-2.973546814
56.749863,-3.966900878,-3.657336644,-3.490723325,-3.303978188,-2.953082627
56.849863,-4.000222431,-3.679679976,-3.521045299,-3.326879928,-2.97929543
56.949863,-3.914854541,-3.589837858,-3.42901797,-3.237563931,-2.889650869
57.049863,-3.838094628,-3.509433708,-3.350654617,-3.157550002,-2.795474854
57.149863,-3.866301037,-3.551824489,-3.385844323,-3.196581663,-2.838871872
57.249863,-3.919139236,-3.600065392,-3.433586992,-3.242163945,-2.888054573
57.349863,-3.863621058,-3.552882135,-3.38866696,-3.197550761,-2.834821015
57.449863,-3.804602596,-3.484846884,-3.324034325,-3.131347659,-2.777768894
57.549863,-3.839548853,-3.512828954,-3.349277909,-3.162444984,-2.813821867
57.649863,-3.869508616,-3.554863271,-3.394822119,-3.199921148,-2.836751581
57.749863,-3.884817863,-3.578924735,-3.409107836,-3.219382884,-2.842511029
57.849863,-3.895396356,-3.57192184,-3.413189694,-3.215315244,-2.857024181
57.949863,-3.97335419,-3.666879647,-3.505385172,-3.312099218,-2.944759106
58.049863,-3.990218051,-3.681598743,-3.522753613,-3.334265242,-2.964545786
58.149863,-4.109612592,-3.794057002,-3.636233585,-3.449659981,-3.080751462
58.249863,-4.179375807,-3.8564162,-3.697858262,-3.512322663,-3.141398478
58.349863,-4.208798822,-3.873096129,-3.718008211,-3.534523937,-3.168197861
58.449863,-4.125954454,-3.815244052,-3.647364776,-3.463946452,-3.094566608
58.549863,-4.19767811,-3.884853177,-3.716778453,-3.529482485,-3.172096972
58.649863,-4.364441062,-4.055010406,-3.89395276,-3.709156268,-3.343639912
58.749863,-4.368731602,-4.05492954,-3.894139823,-3.702889477,-3.347432267
58.849863,-4.372246516,-4.054593012,-3.897168357,-3.702085123,-3.34210957
58.949863,-4.320898121,-4.015394432,-3.851328911,-3.659132723,-3.302367992
59.049863,-4.283769162,-3.968809282,-3.806237068,-3.611240461,-3.255629005
59.149863,-4.30072843,-3.998830186,-3.836694055,-3.648568299,-3.27153337
59.249863,-4.284582453,-3.98663745,-3.819697648,-3.62957895,-3.249599624
59.349863,-4.284611984,-3.974920143,-3.808335322,-3.619815535,-3.253016422
59.449863,-4.444872903,-4.143205934,-3.979880721,-3.785290813,-3.421632157
59.549863,-4.548806583,-4.240759806,-4.076393155,-3.886534057,-3.52531288
59.649863,-4.631211476,-4.326333905,-4.157357862,-3.969756198,-3.606398494
59.749863,-4.678043754,-4.370773965,-4.202280668,-4.010088925,-3.657971749
59.849863,-4.732990135,-4.420878187,-4.258384675,-4.073780604,-3.701675215
59.949863,-4.709328121,-4.400548683,-4.236883145,-4.047808367,-3.676623382
60.049863,-4.696640965,-4.387490444,-4.227170698,-4.031823345,-3.670544667
60.149863,-4.67866736,-4.373443658,-4.213279204,-4.017252634,-3.653489944
60.249863,-4.713508665,-4.40931282,-4.246054084,-4.053501775,-3.70101513
60.349863,-4.788540945,-4.486792376,-4.323528383,-4.130221725,-3.766478122
60.449863,-4.886433592,-4.585821113,-4.426034042,-4.230534808,-3.87034834
60.549863,-4.940728159,-4.646935557,-4.488283813,-4.292749146,-3.937576344
60.649863,-4.938608876,-4.633534914,-4.468067637,-4.281151885,-3.920984072
60.749863,-5.068664427,-4.758662485,-4.600262302,-4.408199922,-4.047359991
60.849863,-5.227234953,-4.920237462,-4.75940513,-4.572785442,-4.207704487
60.949863,-5.313494472,-4.999093322,-4.83578573,-4.645733362,-4.275808428
61.049863,-5.340334941,-5.026162035,-4.858375108,-4.673300526,-4.308377559
61.149863,-5.496656565,-5.178263124,-5.015398693,-4.824005424,-4.47100805
61.249863,-5.604834605,-5.281474188,-5.115789664,-4.923999978,-4.58148117
61.349863,-5.637083132,-5.319002525,-5.149709949,-4.96189006,-4.60732434
61.449863,-5.545049055,-5.217364468,-5.049849766,-4.855120482,-4.498760482
61.549863,-5.552451553,-5.245273598,-5.07582433,-4.882049435,-4.534800149
61.649863,-5.625594338,-5.323118555,-5.152744781,-4.961870247,-4.610045675
61.749863,-5.671304641,-5.364792886,-5.198776788,-5.010886216,-4.645979482
61.849863,-5.657557115,-5.350107586,-5.185923734,-4.998739656,-4.63069209
61.949863,-5.668280738,-5.356922317,-5.191518933,-5.008819612,-4.643230489
62.049863,-5.743262772,-5.439417087,-5.269510338,-5.085066738,-4.72111724
62.149863,-5.702902265,-5.4012024,-5.233892021,-5.047274371,-4.673809411
62.249863,-5.657693379,-5.336287192,-5.173111528,-4.987364958,-4.619885966
62.349863,-5.688641536,-5.392617802,-5.227726552,-5.039878358,-4.671579072
62.449863,-5.702234168,-5.396371493,-5.231009859,-5.042692466,-4.666932512
62.549863,-5.709746313,-5.394962155,-5.226589183,-5.029098393,-4.662035968
62.649863,-5.648186209,-5.339887374,-5.172825401,-4.981778689,-4.606723787
62.749863,-5.681293455,-5.379877892,-5.214077178,-5.022889987,-4.643574866
62.849863,-5.719672517,-5.407896951,-5.239946715,-5.048039402,-4.674655658
62.949863,-5.730349175,-5.432967823,-5.261477896,-5.076106233,-4.703978091
63.049863,-5.736582601,-5.420769613,-5.25365476,-5.074843853,-4.696534402
63.149863,-5.785924043,-5.475466985,-5.310290813,-5.125493143,-4.748470988
63.249863,-5.849455558,-5.52890971,-5.363035496,-5.179405511,-4.814276104
63.349863,-5.83641033,-5.527863285,-5.366606547,-5.181857494,-4.803275728
63.449863,-5.780674243,-5.467206006,-5.306134956,-5.120812707,-4.759478878
63.549863,-5.772277558,-5.457623234,-5.292093551,-5.105897169,-4.74059034
63.649863,-5.731935712,-5.418863078,-5.250675028,-5.062325222,-4.694464274
63.749863,-5.68601372,-5.361070304,-5.196105727,-5.009171281,-4.644306588
63.849863,-5.67219367,-5.340530857,-5.179172672,-4.984804217,-4.621563223
63.949863,-5.678882634,-5.38032717,-5.204312156,-5.014043602,-4.654635059
64.049863,-5.661843347,-5.338975812,-5.167639451,-4.974567195,-4.603754369
64.149863,-5.587878652,-5.277385489,-5.109286843,-4.918394928,-4.549063755
64.249863,-5.570229093,-5.23901929,-5.073133631,-4.881376169,-4.502409143
64.349863,-5.582148552,-5.264593087,-5.09839551,-4.902625811,-4.525623019
64.449863,-5.657528211,-5.337730657,-5.171688708,-4.973529385,-4.607334162
64.549863,-5.628878441,-5.306118337,-5.139471512,-4.947106423,-4.582092643
64.649863,-5.584449428,-5.268320757,-5.101583139,-4.907653352,-4.551313028
64.749863,-5.51368853,-5.207736085,-5.03911653,-4.848381108,-4.482924317
64.849863,-5.509127464,-5.202149972,-5.034811646,-4.842230547,-4.4716484
64.949863,-5.557722247,-5.245180424,-5.089011388,-4.896899235,-4.524403776
65.049863,-5.50174034,-5.204587302,-5.041443639,-4.851994238,-4.472111668
65.149863,-5.561743883,-5.247016897,-5.085338806,-4.890789802,-4.518326151
65.249863,-5.597844169,-5.302897,-5.1340443,-4.947234128,-4.574890804
65.349863,-5.586104856,-5.279809498,-5.112679352,-4.919477828,-4.559337346
65.449863,-5.539190625,-5.228389559,-5.067383766,-4.873325283,-4.50444648
65.549863,-5.509356976,-5.201130042,-5.038573154,-4.842942219,-4.480475246
65.649863,-5.463045226,-5.160103314,-4.996816065,-4.803745795,-4.436515858
65.749863,-5.477002506,-5.173005502,-5.005506696,-4.819872439,-4.452882238
65.849863,-5.478211119,-5.169309376,-5.00298028,-4.820496007,-4.46557099
65.949863,-5.38998965,-5.085558971,-4.925068844,-4.7336588,-4.361254664